subreddit 1,subreddit 2
thrice,Pitt
thrice,Calligraphy
thrice,Fabrics
thrice,Somerville
thrice,software
thrice,Seahawks
thrice,energy
thrice,Unity3D
thrice,Jobbik
thrice,Homebrewing
thrice,legos
thrice,eastside
thrice,centrist
thrice,education
thrice,bookbinding
thrice,Gentoo
thrice,watersports
thrice,cider
thrice,UFOs
thrice,unicycling
thrice,Yachts
thrice,Rockband
thrice,sexuality
thrice,MRI
thrice,TMJ
thrice,kitesurfing
thrice,pharmaceuticals
thrice,linguistics
Pitt,thrice
Pitt,Calligraphy
Pitt,Nigeria
Pitt,salon
Pitt,gank
Pitt,education
Pitt,narcos
Pitt,foodsafety
Pitt,sunbelt
Pitt,Yachts
Pitt,Berserk
Pitt,mlb
Pitt,Movers
Pitt,TMJ
Pitt,kitesurfing
Pitt,pharmaceuticals
Pitt,bih
Cardiology,Somerville
Cardiology,rutgers
Cardiology,Cornell
Cardiology,software
Cardiology,Unity3D
Cardiology,Dodge
Cardiology,Jobbik
Cardiology,legos
Cardiology,Bluray
Cardiology,gank
Cardiology,narcos
Cardiology,screaming
Cardiology,Gentoo
Cardiology,watersports
Cardiology,hemp
Cardiology,ibiza
Cardiology,Kentucky
Cardiology,couples
Cardiology,cleavage
Cardiology,fastfood
Cardiology,bih
Calligraphy,thrice
Calligraphy,Pitt
Calligraphy,Augur
Calligraphy,Dodge
Calligraphy,Jobbik
Calligraphy,eastside
Calligraphy,short
Calligraphy,screaming
Calligraphy,Barbados
Calligraphy,Reduction
Calligraphy,Kentucky
Calligraphy,cleavage
Calligraphy,pharmaceuticals
Calligraphy,fastfood
Fabrics,thrice
Fabrics,Nigeria
Fabrics,Cornell
Fabrics,Dodge
Fabrics,Bluray
Fabrics,short
Fabrics,narcos
Fabrics,sunbelt
Fabrics,UFOs
Fabrics,BSA
Fabrics,Kentucky
Fabrics,classified
Fabrics,sexuality
Fabrics,Berserk
Fabrics,dogs
Augur,Calligraphy
Augur,Jobbik
Augur,legos
Augur,Bluray
Augur,salon
Augur,short
Augur,gank
Augur,bookbinding
Augur,unicycling
Augur,Kentucky
Augur,classified
Augur,tablets
Augur,sexuality
Augur,Movers
Augur,kitesurfing
Augur,pharmaceuticals
Augur,fastfood
Augur,bih
Somerville,thrice
Somerville,Cardiology
Somerville,Unity3D
Somerville,motogp
Somerville,gank
Somerville,foodsafety
Somerville,expos
Somerville,Veterinary
Somerville,BSA
Somerville,Reduction
Somerville,classified
Somerville,Berserk
Somerville,kitesurfing
Somerville,pharmaceuticals
Somerville,sportscars
Nigeria,Pitt
Nigeria,Fabrics
Nigeria,Drinking
Nigeria,Bogleheads
Nigeria,legos
Nigeria,salon
Nigeria,centrist
Nigeria,motogp
Nigeria,aves
Nigeria,bookbinding
Nigeria,cider
Nigeria,Veterinary
Nigeria,Yachts
Nigeria,tablets
Nigeria,mlb
Nigeria,MRI
Nigeria,Movers
Nigeria,TMJ
rutgers,Cardiology
rutgers,energy
rutgers,telecommuting
rutgers,Dodge
rutgers,Homebrewing
rutgers,centrist
rutgers,short
rutgers,sunbelt
rutgers,UFOs
rutgers,Veterinary
rutgers,Yachts
rutgers,Movers
rutgers,pharmaceuticals
Cornell,Cardiology
Cornell,Fabrics
Cornell,software
Cornell,obamacare
Cornell,Bluray
Cornell,salon
Cornell,motogp
Cornell,aves
Cornell,screaming
Cornell,Gentoo
Cornell,expos
Cornell,BSA
Cornell,Reduction
Cornell,classified
Cornell,couples
Cornell,tablets
Cornell,Berserk
Cornell,fastfood
Cornell,sportscars
software,thrice
software,Cardiology
software,Cornell
software,Dodge
software,short
software,motogp
software,aves
software,screaming
software,Barbados
software,sunbelt
software,Reduction
software,Kentucky
software,cleavage
software,bih
Seahawks,thrice
Seahawks,energy
Seahawks,foodsafety
Seahawks,expos
Seahawks,Veterinary
Seahawks,Reduction
energy,thrice
energy,rutgers
energy,Seahawks
energy,Dodge
energy,Adsense
energy,Bogleheads
energy,salon
energy,gank
energy,Barbados
energy,BSA
energy,Yachts
energy,ipm
energy,classified
energy,illinois
energy,tablets
energy,Berserk
energy,mlb
energy,TMJ
Drinking,Nigeria
Drinking,Dodge
Drinking,salon
Drinking,centrist
Drinking,narcos
Drinking,aves
Drinking,screaming
Drinking,bookbinding
Drinking,Barbados
Drinking,sunbelt
Drinking,UFOs
Drinking,BSA
Drinking,Yachts
Drinking,MRI
Drinking,sportscars
telecommuting,rutgers
telecommuting,motogp
telecommuting,gank
telecommuting,screaming
telecommuting,Veterinary
telecommuting,BSA
telecommuting,Yachts
telecommuting,Rockband
telecommuting,Berserk
telecommuting,pharmaceuticals
Unity3D,thrice
Unity3D,Cardiology
Unity3D,Somerville
Unity3D,centrist
Unity3D,education
Unity3D,aves
Unity3D,screaming
Unity3D,Barbados
Unity3D,sunbelt
Unity3D,Moscow
Unity3D,Veterinary
Unity3D,Kentucky
Unity3D,couples
Unity3D,pharmaceuticals
Unity3D,bih
Dodge,Cardiology
Dodge,Calligraphy
Dodge,Fabrics
Dodge,rutgers
Dodge,software
Dodge,energy
Dodge,Drinking
Dodge,salon
Dodge,education
Dodge,bookbinding
Dodge,Gentoo
Dodge,Veterinary
Dodge,ibiza
Dodge,couples
Dodge,tablets
Dodge,mlb
Dodge,MRI
Dodge,TMJ
Dodge,kitesurfing
Dodge,linguistics
Adsense,energy
Adsense,watersports
Adsense,pharmaceuticals
Adsense,bih
Bogleheads,Nigeria
Bogleheads,energy
Bogleheads,eastside
Bogleheads,salon
Bogleheads,short
Bogleheads,screaming
Bogleheads,Barbados
Bogleheads,watersports
Bogleheads,sunbelt
Bogleheads,Veterinary
Bogleheads,Reduction
Bogleheads,ipm
Bogleheads,tablets
Bogleheads,cleavage
Bogleheads,pharmaceuticals
Bogleheads,bih
Jobbik,thrice
Jobbik,Cardiology
Jobbik,Calligraphy
Jobbik,Augur
Jobbik,education
Jobbik,bookbinding
Jobbik,Barbados
Jobbik,Veterinary
Jobbik,Yachts
Jobbik,tablets
Jobbik,MRI
Jobbik,bih
obamacare,Cornell
obamacare,Homebrewing
obamacare,Gentoo
obamacare,BSA
obamacare,kitesurfing
obamacare,linguistics
Homebrewing,thrice
Homebrewing,rutgers
Homebrewing,obamacare
Homebrewing,narcos
Homebrewing,Moscow
Homebrewing,Reduction
Homebrewing,ipm
Homebrewing,classified
Homebrewing,MRI
legos,thrice
legos,Cardiology
legos,Augur
legos,Nigeria
legos,salon
legos,short
legos,Barbados
legos,sunbelt
eastside,thrice
eastside,Calligraphy
eastside,Bogleheads
eastside,motogp
eastside,classified
eastside,couples
eastside,Movers
eastside,cleavage
eastside,pharmaceuticals
eastside,linguistics
eastside,sportscars
Bluray,Cardiology
Bluray,Fabrics
Bluray,Augur
Bluray,Cornell
Bluray,centrist
Bluray,Veterinary
Bluray,Reduction
Bluray,pharmaceuticals
Bluray,linguistics
salon,Pitt
salon,Augur
salon,Nigeria
salon,Cornell
salon,energy
salon,Drinking
salon,Dodge
salon,Bogleheads
salon,legos
salon,short
salon,motogp
salon,Gentoo
salon,UFOs
salon,BSA
salon,Reduction
salon,ipm
salon,illinois
salon,tablets
salon,Berserk
salon,mlb
centrist,thrice
centrist,Nigeria
centrist,rutgers
centrist,Drinking
centrist,Unity3D
centrist,Bluray
centrist,motogp
centrist,gank
centrist,expos
centrist,BSA
centrist,ibiza
centrist,classified
centrist,illinois
centrist,Rockband
centrist,tablets
centrist,bih
short,Calligraphy
short,Fabrics
short,Augur
short,rutgers
short,software
short,Bogleheads
short,legos
short,salon
short,gank
short,education
short,watersports
short,expos
short,Veterinary
short,ibiza
short,ipm
short,Rockband
short,Berserk
short,mlb
short,MRI
short,Movers
short,pharmaceuticals
short,bih
motogp,Somerville
motogp,Nigeria
motogp,Cornell
motogp,software
motogp,telecommuting
motogp,eastside
motogp,salon
motogp,centrist
motogp,education
motogp,Barbados
motogp,Veterinary
motogp,couples
motogp,Movers
motogp,pharmaceuticals
gank,Pitt
gank,Cardiology
gank,Augur
gank,Somerville
gank,energy
gank,telecommuting
gank,centrist
gank,short
gank,Barbados
gank,Veterinary
gank,Kentucky
gank,couples
gank,sexuality
gank,MRI
gank,Movers
gank,TMJ
gank,pharmaceuticals
gank,linguistics
gank,sportscars
education,thrice
education,Pitt
education,Unity3D
education,Dodge
education,Jobbik
education,short
education,motogp
education,ibiza
education,Yachts
education,ipm
education,Rockband
education,tablets
education,Berserk
education,Movers
education,dogs
education,bih
narcos,Pitt
narcos,Cardiology
narcos,Fabrics
narcos,Drinking
narcos,Homebrewing
narcos,cider
narcos,unicycling
narcos,BSA
narcos,Yachts
narcos,Kentucky
narcos,TMJ
narcos,kitesurfing
foodsafety,Pitt
foodsafety,Somerville
foodsafety,Seahawks
foodsafety,screaming
foodsafety,Barbados
foodsafety,sunbelt
foodsafety,couples
aves,Nigeria
aves,Cornell
aves,software
aves,Drinking
aves,Unity3D
aves,sunbelt
aves,Reduction
aves,Kentucky
aves,classified
aves,tablets
aves,sexuality
aves,cleavage
aves,sportscars
screaming,Cardiology
screaming,Calligraphy
screaming,Cornell
screaming,software
screaming,Drinking
screaming,telecommuting
screaming,Unity3D
screaming,Bogleheads
screaming,foodsafety
screaming,bookbinding
screaming,Barbados
screaming,Gentoo
screaming,hemp
screaming,Moscow
screaming,BSA
screaming,Yachts
screaming,Reduction
screaming,classified
screaming,MRI
bookbinding,thrice
bookbinding,Augur
bookbinding,Nigeria
bookbinding,Drinking
bookbinding,Dodge
bookbinding,Jobbik
bookbinding,screaming
bookbinding,Barbados
bookbinding,sunbelt
bookbinding,Moscow
bookbinding,cleavage
Barbados,Calligraphy
Barbados,software
Barbados,energy
Barbados,Drinking
Barbados,Unity3D
Barbados,Bogleheads
Barbados,Jobbik
Barbados,legos
Barbados,motogp
Barbados,gank
Barbados,foodsafety
Barbados,screaming
Barbados,bookbinding
Barbados,hemp
Barbados,expos
Barbados,Veterinary
Barbados,illinois
Barbados,mlb
Barbados,Movers
Barbados,dogs
Barbados,pharmaceuticals
Barbados,linguistics
Barbados,bih
Gentoo,thrice
Gentoo,Cardiology
Gentoo,Cornell
Gentoo,Dodge
Gentoo,obamacare
Gentoo,salon
Gentoo,screaming
Gentoo,sunbelt
Gentoo,hemp
Gentoo,classified
Gentoo,sexuality
Gentoo,pharmaceuticals
watersports,thrice
watersports,Cardiology
watersports,Adsense
watersports,Bogleheads
watersports,short
watersports,Moscow
watersports,Veterinary
watersports,Reduction
watersports,ipm
watersports,classified
watersports,illinois
watersports,MRI
sunbelt,Pitt
sunbelt,Fabrics
sunbelt,rutgers
sunbelt,software
sunbelt,Drinking
sunbelt,Unity3D
sunbelt,Bogleheads
sunbelt,legos
sunbelt,foodsafety
sunbelt,aves
sunbelt,bookbinding
sunbelt,Gentoo
sunbelt,cider
sunbelt,unicycling
sunbelt,Reduction
sunbelt,ipm
sunbelt,Berserk
sunbelt,cleavage
sunbelt,dogs
cider,thrice
cider,Nigeria
cider,narcos
cider,sunbelt
cider,Reduction
cider,mlb
cider,MRI
cider,Movers
UFOs,thrice
UFOs,Fabrics
UFOs,rutgers
UFOs,Drinking
UFOs,salon
UFOs,Reduction
UFOs,Kentucky
UFOs,ipm
UFOs,tablets
UFOs,mlb
UFOs,fastfood
hemp,Cardiology
hemp,screaming
hemp,Barbados
hemp,Gentoo
hemp,Yachts
hemp,classified
hemp,MRI
Moscow,Unity3D
Moscow,Homebrewing
Moscow,screaming
Moscow,bookbinding
Moscow,watersports
Moscow,BSA
Moscow,Yachts
Moscow,ipm
Moscow,classified
Moscow,illinois
Moscow,Rockband
Moscow,tablets
Moscow,mlb
Moscow,MRI
Moscow,Movers
Moscow,fastfood
expos,Somerville
expos,Cornell
expos,Seahawks
expos,centrist
expos,short
expos,Barbados
expos,Kentucky
expos,ipm
expos,Berserk
expos,MRI
Veterinary,Somerville
Veterinary,Nigeria
Veterinary,rutgers
Veterinary,Seahawks
Veterinary,telecommuting
Veterinary,Unity3D
Veterinary,Dodge
Veterinary,Bogleheads
Veterinary,Jobbik
Veterinary,Bluray
Veterinary,short
Veterinary,motogp
Veterinary,gank
Veterinary,Barbados
Veterinary,watersports
Veterinary,Kentucky
Veterinary,ipm
Veterinary,classified
Veterinary,illinois
Veterinary,couples
Veterinary,cleavage
Veterinary,sportscars
unicycling,thrice
unicycling,Augur
unicycling,narcos
unicycling,sunbelt
unicycling,Kentucky
unicycling,ipm
unicycling,classified
unicycling,tablets
BSA,Fabrics
BSA,Somerville
BSA,Cornell
BSA,energy
BSA,Drinking
BSA,telecommuting
BSA,obamacare
BSA,salon
BSA,centrist
BSA,narcos
BSA,screaming
BSA,Moscow
BSA,illinois
BSA,MRI
BSA,cleavage
BSA,pharmaceuticals
BSA,linguistics
BSA,fastfood
BSA,bih
BSA,sportscars
ibiza,Cardiology
ibiza,Dodge
ibiza,centrist
ibiza,short
ibiza,education
ibiza,Reduction
ibiza,MRI
ibiza,pharmaceuticals
Yachts,thrice
Yachts,Pitt
Yachts,Nigeria
Yachts,rutgers
Yachts,energy
Yachts,Drinking
Yachts,telecommuting
Yachts,Jobbik
Yachts,education
Yachts,narcos
Yachts,screaming
Yachts,hemp
Yachts,Moscow
Yachts,classified
Yachts,Rockband
Yachts,tablets
Yachts,mlb
Yachts,MRI
Yachts,cleavage
Yachts,linguistics
Yachts,fastfood
Reduction,Calligraphy
Reduction,Somerville
Reduction,Cornell
Reduction,software
Reduction,Seahawks
Reduction,Bogleheads
Reduction,Homebrewing
Reduction,Bluray
Reduction,salon
Reduction,aves
Reduction,screaming
Reduction,watersports
Reduction,sunbelt
Reduction,cider
Reduction,UFOs
Reduction,ibiza
Reduction,illinois
Reduction,Rockband
Reduction,tablets
Reduction,cleavage
Reduction,dogs
Reduction,kitesurfing
Reduction,pharmaceuticals
Reduction,linguistics
Kentucky,Cardiology
Kentucky,Calligraphy
Kentucky,Fabrics
Kentucky,Augur
Kentucky,software
Kentucky,Unity3D
Kentucky,gank
Kentucky,narcos
Kentucky,aves
Kentucky,UFOs
Kentucky,expos
Kentucky,Veterinary
Kentucky,unicycling
Kentucky,couples
Kentucky,sexuality
Kentucky,Berserk
Kentucky,linguistics
Kentucky,fastfood
ipm,energy
ipm,Bogleheads
ipm,Homebrewing
ipm,salon
ipm,short
ipm,education
ipm,watersports
ipm,sunbelt
ipm,UFOs
ipm,Moscow
ipm,expos
ipm,Veterinary
ipm,unicycling
ipm,sexuality
ipm,dogs
ipm,kitesurfing
ipm,pharmaceuticals
ipm,linguistics
ipm,fastfood
classified,Fabrics
classified,Augur
classified,Somerville
classified,Cornell
classified,energy
classified,Homebrewing
classified,eastside
classified,centrist
classified,aves
classified,screaming
classified,Gentoo
classified,watersports
classified,hemp
classified,Moscow
classified,Veterinary
classified,unicycling
classified,Yachts
classified,Rockband
classified,Movers
illinois,energy
illinois,salon
illinois,centrist
illinois,Barbados
illinois,watersports
illinois,Moscow
illinois,Veterinary
illinois,BSA
illinois,Reduction
illinois,MRI
illinois,dogs
illinois,sportscars
couples,Cardiology
couples,Cornell
couples,Unity3D
couples,Dodge
couples,eastside
couples,motogp
couples,gank
couples,foodsafety
couples,Veterinary
couples,Kentucky
couples,Berserk
couples,mlb
couples,MRI
couples,pharmaceuticals
Rockband,thrice
Rockband,telecommuting
Rockband,centrist
Rockband,short
Rockband,education
Rockband,Moscow
Rockband,Yachts
Rockband,Reduction
Rockband,classified
Rockband,pharmaceuticals
Rockband,linguistics
tablets,Augur
tablets,Nigeria
tablets,Cornell
tablets,energy
tablets,Dodge
tablets,Bogleheads
tablets,Jobbik
tablets,salon
tablets,centrist
tablets,education
tablets,aves
tablets,UFOs
tablets,Moscow
tablets,unicycling
tablets,Yachts
tablets,Reduction
tablets,sexuality
tablets,Movers
tablets,linguistics
sexuality,thrice
sexuality,Fabrics
sexuality,Augur
sexuality,gank
sexuality,aves
sexuality,Gentoo
sexuality,Kentucky
sexuality,ipm
sexuality,tablets
sexuality,mlb
Berserk,Pitt
Berserk,Fabrics
Berserk,Somerville
Berserk,Cornell
Berserk,energy
Berserk,telecommuting
Berserk,salon
Berserk,short
Berserk,education
Berserk,sunbelt
Berserk,expos
Berserk,Kentucky
Berserk,couples
Berserk,pharmaceuticals
Berserk,fastfood
mlb,Pitt
mlb,Nigeria
mlb,energy
mlb,Dodge
mlb,salon
mlb,short
mlb,Barbados
mlb,cider
mlb,UFOs
mlb,Moscow
mlb,Yachts
mlb,couples
mlb,sexuality
mlb,Movers
mlb,sportscars
MRI,thrice
MRI,Nigeria
MRI,Drinking
MRI,Dodge
MRI,Jobbik
MRI,Homebrewing
MRI,short
MRI,gank
MRI,screaming
MRI,watersports
MRI,cider
MRI,hemp
MRI,Moscow
MRI,expos
MRI,BSA
MRI,ibiza
MRI,Yachts
MRI,illinois
MRI,couples
MRI,kitesurfing
Movers,Pitt
Movers,Augur
Movers,Nigeria
Movers,rutgers
Movers,eastside
Movers,short
Movers,motogp
Movers,gank
Movers,education
Movers,Barbados
Movers,cider
Movers,Moscow
Movers,classified
Movers,tablets
Movers,mlb
Movers,cleavage
Movers,linguistics
Movers,fastfood
Movers,sportscars
TMJ,thrice
TMJ,Pitt
TMJ,Nigeria
TMJ,energy
TMJ,Dodge
TMJ,gank
TMJ,narcos
cleavage,Cardiology
cleavage,Calligraphy
cleavage,software
cleavage,Bogleheads
cleavage,eastside
cleavage,aves
cleavage,bookbinding
cleavage,sunbelt
cleavage,Veterinary
cleavage,BSA
cleavage,Yachts
cleavage,Reduction
cleavage,Movers
dogs,Fabrics
dogs,education
dogs,Barbados
dogs,sunbelt
dogs,Reduction
dogs,ipm
dogs,illinois
dogs,bih
kitesurfing,thrice
kitesurfing,Pitt
kitesurfing,Augur
kitesurfing,Somerville
kitesurfing,Dodge
kitesurfing,obamacare
kitesurfing,narcos
kitesurfing,Reduction
kitesurfing,ipm
kitesurfing,MRI
kitesurfing,fastfood
pharmaceuticals,thrice
pharmaceuticals,Pitt
pharmaceuticals,Calligraphy
pharmaceuticals,Augur
pharmaceuticals,Somerville
pharmaceuticals,rutgers
pharmaceuticals,telecommuting
pharmaceuticals,Unity3D
pharmaceuticals,Adsense
pharmaceuticals,Bogleheads
pharmaceuticals,eastside
pharmaceuticals,Bluray
pharmaceuticals,short
pharmaceuticals,motogp
pharmaceuticals,gank
pharmaceuticals,Barbados
pharmaceuticals,Gentoo
pharmaceuticals,BSA
pharmaceuticals,ibiza
pharmaceuticals,Reduction
pharmaceuticals,ipm
pharmaceuticals,couples
pharmaceuticals,Rockband
pharmaceuticals,Berserk
linguistics,thrice
linguistics,Dodge
linguistics,obamacare
linguistics,eastside
linguistics,Bluray
linguistics,gank
linguistics,Barbados
linguistics,BSA
linguistics,Yachts
linguistics,Reduction
linguistics,Kentucky
linguistics,ipm
linguistics,Rockband
linguistics,tablets
linguistics,Movers
fastfood,Cardiology
fastfood,Calligraphy
fastfood,Augur
fastfood,Cornell
fastfood,UFOs
fastfood,Moscow
fastfood,BSA
fastfood,Yachts
fastfood,Kentucky
fastfood,ipm
fastfood,Berserk
fastfood,Movers
fastfood,kitesurfing
fastfood,bih
bih,Pitt
bih,Cardiology
bih,Augur
bih,software
bih,Unity3D
bih,Adsense
bih,Bogleheads
bih,Jobbik
bih,centrist
bih,short
bih,education
bih,Barbados
bih,BSA
bih,dogs
bih,fastfood
bih,sportscars
sportscars,Somerville
sportscars,Cornell
sportscars,Drinking
sportscars,eastside
sportscars,gank
sportscars,aves
sportscars,Veterinary
sportscars,BSA
sportscars,illinois
sportscars,mlb
sportscars,Movers
sportscars,bih
